{"min_of_train_acc_and_test_acc": 0.6740999817848206, "test_acc": 0.6740999817848206, "train_acc": 0.7097799777984619, "_timestamp": 1655481257, "_runtime": 24, "_step": 500, "_wandb": {"runtime": 25}}