{"min_of_train_acc_and_test_acc": 0.6732999682426453, "test_acc": 0.6732999682426453, "train_acc": 0.7260400056838989, "_timestamp": 1655481070, "_runtime": 24, "_step": 500, "_wandb": {"runtime": 25}}