{"min_of_train_acc_and_test_acc": 0.646399974822998, "test_acc": 0.646399974822998, "train_acc": 0.7400400042533875, "_timestamp": 1655481286, "_runtime": 21, "_step": 500, "_wandb": {"runtime": 23}}