{"min_of_train_acc_and_test_acc": 0.6275999546051025, "test_acc": 0.6275999546051025, "train_acc": 0.7601000070571899, "_timestamp": 1655481316, "_runtime": 22, "_step": 501, "mean__max__min_of_train_acc_and_test_acc": 0.6651300191879272, "std__max__min_of_train_acc_and_test_acc": 0.016635874286293983, "mean__final__min_of_train_acc_and_test_acc": 0.6522199511528015, "std__final__min_of_train_acc_and_test_acc": 0.017944907769560814, "mean__max__allowed_test_acc": 0.6650399565696716, "std__max__allowed_test_acc": 0.016678327694535255, "mean__final__allowed_test_acc": 0.6522199511528015, "std__final__allowed_test_acc": 0.017944907769560814, "mean__final__test_acc": 0.6522199511528015, "std__final__test_acc": 0.017944907769560814, "mean__final__train_acc": 0.7366759777069092, "std__final__train_acc": 0.01437878143042326, "_wandb": {"runtime": 22}}